"Status","Start Time","Stop Time","Duration in ms","Parent Suite","Suite","Sub Suite","Test Class","Test Method","Name","Description"
"passed","Tue Oct 14 08:50:50 UTC 2025","Tue Oct 14 08:51:14 UTC 2025","23110","TNC Store Test Suite","Full Test Suite","tests.CartTests","tests.CartTests","testIncreaseItemQuantity","CART-02: Increase item quantity in cart","Verify that user can increase product quantity in the cart"
"passed","Tue Oct 14 08:47:41 UTC 2025","Tue Oct 14 08:47:48 UTC 2025","7176","TNC Store Test Suite","Full Test Suite","tests.RegisterTests","tests.RegisterTests","testRegisterWithValidData","REG-01: Register with valid data","Verify that a new user can successfully register with valid name, email, and password"
"passed","Tue Oct 14 08:48:45 UTC 2025","Tue Oct 14 08:49:00 UTC 2025","15276","TNC Store Test Suite","Full Test Suite","tests.ProductDetailTests","tests.ProductDetailTests","testVerifyProductDetailsDisplayed","PRODUCT-01: Verify product details displayed","Verify that product details page displays product name and information correctly"
"passed","Tue Oct 14 08:48:01 UTC 2025","Tue Oct 14 08:48:07 UTC 2025","6267","TNC Store Test Suite","Full Test Suite","tests.RegisterTests","tests.RegisterTests","testRegisterWithWeakPassword","REG-03: Register with weak password","Verify that registration fails when using a weak password"
"passed","Tue Oct 14 08:50:00 UTC 2025","Tue Oct 14 08:50:14 UTC 2025","13163","TNC Store Test Suite","Full Test Suite","tests.LoginTests","tests.LoginTests","testLoginWithEmptyPassword","AUTH-LI-06: Login with empty password","Verify that login fails when password field is left empty"
"failed","Tue Oct 14 08:46:55 UTC 2025","Tue Oct 14 08:47:20 UTC 2025","24136","TNC Store Test Suite","Full Test Suite","tests.UserProfileTests","tests.UserProfileTests","testProfilePageLoads","USER-04: Verify profile page loads successfully","Verify that user can access and view their profile page"
"passed","Tue Oct 14 08:46:55 UTC 2025","Tue Oct 14 08:47:17 UTC 2025","21200","TNC Store Test Suite","Full Test Suite","tests.ProductDetailTests","tests.ProductDetailTests","testAddProductToCartShowsNotification","PRODUCT-02: Add product to cart shows success notification","Verify that success notification is displayed after adding product to cart"
"passed","Tue Oct 14 08:48:19 UTC 2025","Tue Oct 14 08:48:58 UTC 2025","39190","TNC Store Test Suite","Full Test Suite","tests.E2ETests","tests.E2ETests","testLoginSearchAddToCart","E2E-01: Login -> Search -> Add to cart -> Verify cart","Verify complete user journey from login to cart verification"
"passed","Tue Oct 14 08:46:55 UTC 2025","Tue Oct 14 08:47:01 UTC 2025","5845","TNC Store Test Suite","Full Test Suite","tests.RegisterTests","tests.RegisterTests","testRegisterWithInvalidEmail","REG-02: Register with invalid email","Verify that registration fails when using an invalid email format"
"passed","Tue Oct 14 08:51:17 UTC 2025","Tue Oct 14 08:51:18 UTC 2025","1037","TNC Store Test Suite","Full Test Suite","tests.SearchTests","tests.SearchTests","testSuggestionListDisplayed","SEARCH-07: Verify suggestion list is displayed","Verify that search suggestions list is displayed when typing"
"passed","Tue Oct 14 08:47:29 UTC 2025","Tue Oct 14 08:47:48 UTC 2025","19621","TNC Store Test Suite","Full Test Suite","tests.ProductDetailTests","tests.ProductDetailTests","testMinusQuantityShowsAlert","PRODUCT-05: Verify alert when decreasing quantity to 0","Verify that an alert is shown when trying to decrease quantity below 1"
"passed","Tue Oct 14 08:51:21 UTC 2025","Tue Oct 14 08:51:33 UTC 2025","11926","TNC Store Test Suite","Full Test Suite","tests.LoginTests","tests.LoginTests","testLoginWithNonExistentAccount","AUTH-LI-04: Login with non-existent account","Verify that login fails when using credentials that don't exist in the system"
"passed","Tue Oct 14 08:49:12 UTC 2025","Tue Oct 14 08:49:26 UTC 2025","13860","TNC Store Test Suite","Full Test Suite","tests.LoginTests","tests.LoginTests","testLoginWithBothFieldsEmpty","AUTH-LI-07: Login with both fields empty","Verify that login fails when both email and password fields are empty"
"failed","Tue Oct 14 08:48:25 UTC 2025","Tue Oct 14 08:48:35 UTC 2025","9769","TNC Store Test Suite","Full Test Suite","tests.ProductDetailTests","tests.ProductDetailTests","testSalePriceCorrect","PRODUCT-03: Verify sale price calculation is correct","Verify that sale price is calculated correctly based on original price and discount percentage"
"passed","Tue Oct 14 08:49:38 UTC 2025","Tue Oct 14 08:49:51 UTC 2025","13010","TNC Store Test Suite","Full Test Suite","tests.LoginTests","tests.LoginTests","testLoginWithEmptyEmail","AUTH-LI-05: Login with empty email","Verify that login fails when email field is left empty"
"passed","Tue Oct 14 08:50:44 UTC 2025","Tue Oct 14 08:50:48 UTC 2025","3609","TNC Store Test Suite","Full Test Suite","tests.SearchTests","tests.SearchTests","testSearchWithSpecialCharacters","SEARCH-02: Search with special characters","Verify system behavior when searching with special characters"
"passed","Tue Oct 14 08:52:01 UTC 2025","Tue Oct 14 08:52:11 UTC 2025","9924","TNC Store Test Suite","Full Test Suite","tests.CartTests","tests.CartTests","testVerifyFirstProductName","CART-06: Verify first product name in cart","Verify that product name in cart matches the added product"
"passed","Tue Oct 14 08:50:04 UTC 2025","Tue Oct 14 08:50:22 UTC 2025","18436","TNC Store Test Suite","Full Test Suite","tests.CartTests","tests.CartTests","testAddSingleProductToCart","CART-01: Add single product to cart","Verify that a user can successfully add a single product to the shopping cart"
"broken","Tue Oct 14 08:50:21 UTC 2025","Tue Oct 14 08:50:37 UTC 2025","15715","TNC Store Test Suite","Full Test Suite","tests.SearchTests","tests.SearchTests","testSearchWithEmptyKeyword","SEARCH-03: Search with empty keyword","Verify system behavior when searching with empty keyword"
"passed","Tue Oct 14 08:49:24 UTC 2025","Tue Oct 14 08:49:55 UTC 2025","31081","TNC Store Test Suite","Full Test Suite","tests.CheckoutTests","tests.CheckoutTests","testCheckoutMissingPhoneNumber","CHECKOUT-01: Verify error when phone number is missing","Verify that checkout process shows error when mandatory phone number field is missing"
"broken","Tue Oct 14 08:49:38 UTC 2025","Tue Oct 14 08:49:47 UTC 2025","9005","TNC Store Test Suite","Full Test Suite","tests.SearchTests","tests.SearchTests","testSearchLoadMoreFunctionality","SEARCH-8: Verify 'Xem thêm' button loads additional products","Verify that clicking 'Xem thêm' loads more products instead of reloading the page."
"passed","Tue Oct 14 08:50:28 UTC 2025","Tue Oct 14 08:50:44 UTC 2025","15936","TNC Store Test Suite","Full Test Suite","tests.CartTests","tests.CartTests","testDecreaseItemQuantity","CART-03: Decrease item quantity in cart","Verify that user can decrease product quantity in the cart"
"broken","Tue Oct 14 08:47:56 UTC 2025","Tue Oct 14 08:48:53 UTC 2025","57419","TNC Store Test Suite","Full Test Suite","tests.CartTests","tests.CartTests","testAddMultipleProductsToCart_RemoveOneandChecktotalPrices","CART-08: Add multiple products to cart, remove one and check total prices ","Verify that user can add multiple different products to the cart and remove it and price is changed"
"passed","Tue Oct 14 08:47:33 UTC 2025","Tue Oct 14 08:47:59 UTC 2025","25718","TNC Store Test Suite","Full Test Suite","tests.UserProfileTests","tests.UserProfileTests","testUpdateAddress","USER-03: Update address successfully","Verify that user can successfully update their address in profile"
"passed","Tue Oct 14 08:51:06 UTC 2025","Tue Oct 14 08:51:10 UTC 2025","3997","TNC Store Test Suite","Full Test Suite","tests.SearchTests","tests.SearchTests","testSearchWithValidKeywordandCheckResult","SEARCH-08: Verify all search results contain keyword","Verify all search results contain keyword"
"passed","Tue Oct 14 08:51:42 UTC 2025","Tue Oct 14 08:51:57 UTC 2025","14898","TNC Store Test Suite","Full Test Suite","tests.CartTests","tests.CartTests","testVerifyCartSize","CART-05: Verify cart size","Verify that cart size is correctly displayed after adding products"
"passed","Tue Oct 14 08:50:12 UTC 2025","Tue Oct 14 08:50:14 UTC 2025","1636","TNC Store Test Suite","Full Test Suite","tests.SearchTests","tests.SearchTests","testSearchSuggestionsContainKeyword","SEARCH-04: Search suggestions contain correct keyword","Verify that search suggestions contain the entered keyword"
"passed","Tue Oct 14 08:49:56 UTC 2025","Tue Oct 14 08:50:05 UTC 2025","9134","TNC Store Test Suite","Full Test Suite","tests.SearchTests","tests.SearchTests","testSearchReloadPage","SEARCH-05: Search and reload page","Verify that search results persist after page reload"
"passed","Tue Oct 14 08:49:11 UTC 2025","Tue Oct 14 08:49:26 UTC 2025","14988","TNC Store Test Suite","Full Test Suite","tests.SearchTests","tests.SearchTests","testRepeatedSearch","SEARCH-06: Repeated search returns consistent results","Verify that repeated searches return consistent results"
"passed","Tue Oct 14 08:46:55 UTC 2025","Tue Oct 14 08:47:46 UTC 2025","50342","TNC Store Test Suite","Full Test Suite","tests.CartTests","tests.CartTests","testAddMultipleProductsToCart","CART-04: Add multiple products to cart","Verify that user can add multiple different products to the cart"
"passed","Tue Oct 14 08:48:02 UTC 2025","Tue Oct 14 08:48:14 UTC 2025","12094","TNC Store Test Suite","Full Test Suite","tests.ProductDetailTests","tests.ProductDetailTests","testProductViewedList","PRODUCT-04: Verify viewed products list","Verify that previously viewed products appear in the viewed products list"
"passed","Tue Oct 14 08:48:13 UTC 2025","Tue Oct 14 08:48:38 UTC 2025","25719","TNC Store Test Suite","Full Test Suite","tests.UserProfileTests","tests.UserProfileTests","testUpdateFullname","USER-02: Update fullname successfully","Verify that user can successfully update their full name in profile"
"passed","Tue Oct 14 08:51:02 UTC 2025","Tue Oct 14 08:51:14 UTC 2025","11736","TNC Store Test Suite","Full Test Suite","tests.LoginTests","tests.LoginTests","testLoginWithInvalidEmail","AUTH-LI-02: Login with invalid email","Verify that login fails when using an invalid email format"
"passed","Tue Oct 14 08:51:38 UTC 2025","Tue Oct 14 08:51:42 UTC 2025","3178","TNC Store Test Suite","Full Test Suite","tests.LoginTests","tests.LoginTests","testLoginWithValidCredentials","AUTH-LI-01: Login with valid credentials","Verify that a user can successfully login with valid email and password credentials"
"passed","Tue Oct 14 08:50:55 UTC 2025","Tue Oct 14 08:51:00 UTC 2025","5600","TNC Store Test Suite","Full Test Suite","tests.SearchTests","tests.SearchTests","testSearchWithValidKeyword","SEARCH-01: Search with valid keyword returns results","Verify that searching with a valid keyword returns relevant product results"
"passed","Tue Oct 14 08:51:20 UTC 2025","Tue Oct 14 08:51:34 UTC 2025","14035","TNC Store Test Suite","Full Test Suite","tests.CartTests","tests.CartTests","testRemoveproductfromcart","CART-07: Verify remove product in cart","Verify remove product in cart"
"passed","Tue Oct 14 08:48:49 UTC 2025","Tue Oct 14 08:49:15 UTC 2025","25495","TNC Store Test Suite","Full Test Suite","tests.UserProfileTests","tests.UserProfileTests","testUpdatePhoneSuccess","USER-01: Update phone number successfully","Verify that user can successfully update their phone number in profile"
"broken","Tue Oct 14 08:49:04 UTC 2025","Tue Oct 14 08:49:55 UTC 2025","51155","TNC Store Test Suite","Full Test Suite","tests.CartTests","tests.CartTests","testAddMultipleProductsToCartandRemoveOne","CART-08: Add multiple products to cart and remove one","Verify that user can add multiple different products to the cart and remove it"
